question,position,document
What are the key responsibilities of a data engineer in this role?,de,de0001
How does the team approach data quality and validation?,de,de0001
What tools and technologies are commonly used in this role?,de,de0001
What are the opportunities for professional development and growth within the company?,de,de0001
What are the typical day-to-day tasks of a data engineer in this role?,de,de0001
Why did you choose a career in data engineering? I'm interested in the technical aspects of the field and the impact it has on real-world problems.,de,de0002
What are the company's expectations for a data engineer in terms of technical skills and experience? I want to ensure I'm a good fit for the role.,de,de0002
What opportunities are there for professional development and growth within the company? I'm eager to learn and grow in my career.,de,de0002
What is the company's approach to data security and privacy? I want to ensure my work aligns with ethical data practices.,de,de0002
How does the company foster a collaborative and supportive work environment for data engineers? I'm looking for a team that values collaboration and open communication.,de,de0002
How would you handle a situation where a critical database is down and you are responsible for restoring it? ,de,de0005
What are the most common data engineering challenges you have faced and how did you overcome them?,de,de0005
Describe a time when you had to work with a team to resolve a data-related issue. What was your role and how did you contribute?,de,de0005
What are the company's policies and procedures for handling data security breaches?,de,de0005
How does the company prioritize data quality and ensure its integrity?,de,de0005
Do you have any experience with data modeling tools like Talend or Pentaho?,de,de0006
What are the specific data modeling skills you are looking for in a candidate?,de,de0006
How does the team approach data modeling?,de,de0006
What are the typical data modeling tools used in the company?,de,de0006
Can you elaborate on the company's data modeling process and its importance in the company's operations?,de,de0006
Why is the company investing in building a new data warehouse? What are the key challenges and opportunities associated with this project?,de,de0007
What are the different tools and technologies used in the data engineering team? How does the team collaborate and communicate?,de,de0007
"What are the company's expectations for data engineers in terms of performance, code quality, and documentation?",de,de0007
What are the opportunities for professional development and growth within the company? How does the company support its employees' career progression?,de,de0007
What is the company's approach to data security and privacy? How does the team ensure data integrity and compliance with relevant regulations?,de,de0007
What specific skills are most important for a data engineer to have in order to succeed in this role at your company? ,de,de0008
Can you provide examples of how a data engineer would use their skills to solve real-world problems?,de,de0008
What are the preferred database technologies used by your company?,de,de0008
What are the specific tools and technologies used for data warehousing and ETL processes?,de,de0008
What are the expectations for continuous learning and professional development in this role?,de,de0008
"What are the most important frameworks and applications for data engineers, and what is your level of experience with each?",de,de0009
How does the company utilize data engineering tools and technologies?,de,de0009
What specific data engineering projects have the team been working on recently?,de,de0009
What are the preferred programming languages and tools for data engineering at the company?,de,de0009
What are the opportunities for professional development and learning new technologies within the company?,de,de0009
What specific scripting languages are you looking for in a candidate? ,de,de0010
How much experience with scripting languages is considered essential for this role?,de,de0010
Can you provide examples of how scripting languages are used in data engineering tasks?,de,de0010
What are the specific scripting languages you prefer for data pipeline automation?,de,de0010
What are the most common scripting languages used in your current data engineering projects?,de,de0010
What are the key differences between a Data Engineer and a Data Scientist in terms of their responsibilities and skillsets?,de,de0011
How does the work of a Data Engineer contribute to the success of a Data Scientist?,de,de0011
What specific tools and technologies are commonly used by Data Engineers?,de,de0011
What are the typical career paths for Data Engineers and Data Scientists?,de,de0011
What are the key performance indicators (KPIs) used to measure the success of a Data Engineer?,de,de0011
What are the key technologies and tools that you expect a data engineer to be proficient in?,de,de0012
How does the company prioritize data security and privacy in its data engineering processes?,de,de0012
What are the opportunities for professional development and growth within the company for a data engineer?,de,de0012
What is the team structure and communication style like within the data engineering department?,de,de0012
What are the company's expectations regarding the level of experience and expertise required for a data engineer position?,de,de0012
What is your preferred method for handling large datasets and ensuring data quality in a new analytical product development process?,de,de0013
"How do you ensure data security and privacy in a data engineering role, especially when working with sensitive data?",de,de0013
What are the key performance indicators (KPIs) used to measure the success of a data engineering project in this company?,de,de0013
How does the company approach data versioning and managing data lineage in a new product development environment?,de,de0013
"What are the tools and technologies you are most proficient in for data engineering tasks, and how do you stay updated with the latest advancements in the field?",de,de0013
What specific data processing techniques were used in the recent project to handle large datasets?,de,de0014
How does the company handle data security and privacy concerns?,de,de0014
What are the key performance indicators (KPIs) used to measure the success of data engineering projects?,de,de0014
What tools and technologies are commonly used for data pipeline development and maintenance?,de,de0014
What are the opportunities for professional development and growth within the data engineering team?,de,de0014
What specific tools did you use in the recent project to process and analyze large datasets? I'm particularly interested in understanding your approach to handling data pipelines and data transformation.,de,de0015
How did you choose between different data visualization tools for the project? What factors influenced your decision?,de,de0015
"Can you elaborate on your experience with cloud-based data storage and processing platforms? I'm curious about your familiarity with services like AWS, Azure, or GCP.",de,de0015
"What were the challenges you faced while working with specific data engineering tools, and how did you overcome them?",de,de0015
What are your preferred tools for data monitoring and alerting? I'm interested in understanding your approach to ensuring data quality and timely issue detection.,de,de0015
"What specific challenges did you face during the implementation of the data warehouse project, and how did you collaborate with the team to overcome these challenges?",de,de0016
"How did you handle a situation where the data pipeline was experiencing performance issues, and what steps did you take to resolve the issue?",de,de0016
"Can you describe a time when you had to troubleshoot a complex data issue, and how did you approach the problem to find a solution?",de,de0016
"Tell me about a time when you had to adapt to a changing project scope, and how did you manage the impact on the data pipeline?",de,de0016
"How did you ensure data quality and integrity in a large-scale data project, and what measures did you take to address potential data inconsistencies?",de,de0016
What specific techniques or tools have you used to transform unstructured data into structured data in the past? ,de,de0017
Can you provide an example of a real-world scenario where you successfully transformed unstructured data into structured data? ,de,de0017
What are the key considerations when choosing a data transformation method for a specific project? ,de,de0017
How does the company handle data security and privacy when working with unstructured data? ,de,de0017
What are the best practices for maintaining and updating data models over time? ,de,de0017
"What is the process of data modeling, and what are the different types of data models?",de,de0018
How do you approach data modeling for a specific project?,de,de0018
"Can you describe the difference between a conceptual, logical, and physical data model?",de,de0018
What are some common challenges faced during data modeling?,de,de0018
What tools are used for data modeling in this company?,de,de0018
What are the two main design schemas used in data modeling? How do they differ in terms of structure and data organization? ,de,de0019
Can you provide an example of a Star schema and explain how it relates to the data warehouse?,de,de0019
How does the Snowflake schema differ from the Star schema in terms of data organization and normalization?,de,de0019
What are the advantages and disadvantages of using a Star schema compared to a Snowflake schema?,de,de0019
What are some real-world applications of the Star schema and Snowflake schema in different industries?,de,de0019
How would you ensure that the data migration process is complete and no data is lost during the migration?,de,de0020
What are the different types of data validation that you would use for a data migration?,de,de0020
How would you approach data validation after the migration is complete?,de,de0020
What are some examples of data validation techniques that you would use in a real-world scenario?,de,de0020
What are the key considerations when choosing a data validation approach for a specific data migration project?,de,de0020
What ETL tools have you worked with in the past? Which one do you prefer the most and why?,de,de0021
How does the company use Hadoop in its data pipeline?,de,de0021
What are the specific challenges you face when working with Hadoop?,de,de0021
What are the different types of data transformations that you have performed in the Hadoop ecosystem?,de,de0021
What are the best practices for data quality in Hadoop?,de,de0021
"What specific projects have you worked on using the Hadoop framework, and what were your responsibilities in those projects?",de,de0023
How does the company leverage Hadoop for data processing and analysis?,de,de0023
"What are the company's current challenges with Hadoop, and how does the team address them?",de,de0023
What are the company's plans for future development and adoption of Hadoop?,de,de0023
What training or development opportunities are available for data engineers to learn and enhance their Hadoop skills?,de,de0023
What happens if NameNode crashes? How does the system handle this situation?,de,de0024
How does NameNode contribute to the overall functionality of HDFS?,de,de0024
What is the role of NameNode in data storage and retrieval?,de,de0024
What are the potential risks associated with NameNode failure?,de,de0024
What are the typical methods for ensuring NameNode availability and resilience?,de,de0024
What happens when a corrupted data block is detected by the Block Scanner? What are the steps involved in handling such a situation?,de,de0026
How does NameNode handle corrupted data blocks? What is its role in the process?,de,de0026
What happens to the corrupted data block after it is reported to NameNode? Does it get deleted?,de,de0026
What is the replication factor used by NameNode when creating replicas of a corrupted data block?,de,de0026
What is the purpose of the Block Scanner in the Hadoop ecosystem? How does it contribute to data integrity?,de,de0026
What are the two messages that NameNode receives from DataNode?,de,de0027
How does NameNode know if a DataNode is healthy?,de,de0027
What is the purpose of the heartbeat signal?,de,de0027
What information does the block report signal provide?,de,de0027
How often does NameNode receive heartbeat signals from DataNodes?,de,de0027
Can you elaborate on the role of the Reducer in the Hadoop MapReduce framework? What are the key steps involved in the Reducer's operation?,de,de0028
How does the Reducer handle the sorting of data from different mappers during the Shuffle phase?,de,de0028
What are the three core methods of a Reducer? What is the purpose of each method?,de,de0028
What is the role of the Setup method in the Reducer's operation?,de,de0028
How does the Reducer ensure data integrity and consistency during the Reduce phase?,de,de0028
How would you approach deploying a big data solution using MapReduce? What are the key considerations for choosing the right framework for a specific use case?,de,de0029
What are the different types of data storage solutions used in big data deployments? What are the pros and cons of each?,de,de0029
What are the best practices for data integration and ingestion in a big data environment?,de,de0029
What are the common challenges faced during the deployment of big data solutions? How would you address them?,de,de0029
What are the specific tools and technologies used for data processing in a big data environment? How do these tools contribute to the overall efficiency of the deployment?,de,de0029
Which Python libraries would you utilize for efficient data processing?,de,de0030
What are the key differences between NumPy and pandas?,de,de0030
How would you use NumPy and pandas to process a large dataset?,de,de0030
What are some real-world examples of how you would use NumPy and pandas in a data engineering project?,de,de0030
How important is it to have a strong understanding of Python for a data engineer role?,de,de0030
Can you explain the difference between a list and a tuple in Python? I want to understand the implications of each data structure in a real-world scenario.,de,de0031
What are some practical examples of when you would use a list versus a tuple in Python?,de,de0031
How does the immutability of tuples affect their performance in comparison to lists?,de,de0031
Can you provide a real-world example of a scenario where a list would be more suitable than a tuple?,de,de0031
How does the concept of immutability impact the way we write and maintain code when working with lists and tuples?,de,de0031
How can you handle duplicate data points in a SQL query using DISTINCT and UNIQUE keywords?,de,de0032
What are some other methods for dealing with duplicate data points in SQL besides DISTINCT and UNIQUE?,de,de0032
Can you elaborate on how GROUP BY can be used to handle duplicate data points?,de,de0032
What kind of data is typically encountered in this role?,de,de0032
What are the common challenges faced when working with large datasets in this role?,de,de0032
Did you ever work with big data in a cloud computing environment?,de,de0033
What are the company's preferred cloud platforms for data storage and processing?,de,de0033
How does the company handle data security and privacy in a cloud environment?,de,de0033
What are the company's plans for future data infrastructure development?,de,de0033
What are the company's expectations for a data engineer's cloud computing skills?,de,de0033
How can data analytics help the company achieve its revenue goals and increase ROI? ,de,de0034
"What specific examples of how data analytics has been used to boost revenue for companies like Walmart, Facebook, and LinkedIn? ",de,de0034
What are the key skills and technologies required for a data engineer role in this company? ,de,de0034
What are the company's expectations regarding data security and privacy? ,de,de0034
What are the opportunities for professional development and growth within the company? ,de,de0034
What is the purpose of Hadoop Streaming?,de,de0035
How does Hadoop Streaming differ from traditional MapReduce?,de,de0035
Can I use Hadoop Streaming with other programming languages besides Python?,de,de0035
What are the benefits of using Hadoop Streaming?,de,de0035
What are some examples of real-world applications for Hadoop Streaming?,de,de0035
What is the primary purpose of HDFS? ,de,de0036
How does HDFS differ from a traditional file system? ,de,de0036
What are some of the key features of HDFS? ,de,de0036
What are the advantages of using HDFS? ,de,de0036
What are some common use cases for HDFS? ,de,de0036
What are the different XML configuration files used in Hadoop?,de,de0037
How are these XML configuration files used in Hadoop?,de,de0037
What is the purpose of the CORE-SITE.XML file?,de,de0037
What are the different types of Hadoop Masters?,de,de0037
How do I troubleshoot issues related to the HDFS-SITE.XML file?,de,de0037
"What are the four V's of big data, and how do they relate to the challenges of data engineering?",de,de0038
How does the company's data infrastructure currently handle the volume of data it processes?,de,de0038
What are the specific tools and technologies used for data ingestion and processing in this role?,de,de0038
What are the company's data governance policies and how do they impact the data engineer's responsibilities?,de,de0038
What are the company's expectations for data quality and how does the data engineer contribute to maintaining it?,de,de0038
What are the key features of Hadoop that make it suitable for handling large datasets? ,de,de0039
How does Hadoop ensure data availability in case of node failures? ,de,de0039
Can you elaborate on the concept of horizontal and vertical scalability in Hadoop? ,de,de0039
"What are the different types of Hadoop clusters, and how are they used? ",de,de0039
What are the limitations of Hadoop? ,de,de0039
What is the company's data storage strategy? How does it handle data security and compliance?,de,de0040
What are the current data processing tools and technologies used in the team?,de,de0040
What are the team's expectations for data quality and how is it measured?,de,de0040
What are the opportunities for professional development and growth within the team?,de,de0040
What is the team's approach to data governance and how is it enforced?,de,de0040
What is the primary purpose of a Star Schema in a database?,de,de0041
How does a Star Schema improve data analysis?,de,de0041
What are the advantages of using a Star Schema for querying large datasets?,de,de0041
What are some examples of how Star Schema is used in real-world applications?,de,de0041
How does a Star Schema differ from a Snowflake Schema?,de,de0041
What is the purpose of FSCK in the context of Big Data systems?,de,de0042
How does FSCK ensure data consistency in a Big Data environment?,de,de0042
What are the limitations of FSCK in terms of data integrity?,de,de0042
Does FSCK play a role in Big Data system maintenance?,de,de0042
What are the alternative methods for data consistency in Big Data systems?,de,de0042
What is the purpose of a snowflake schema in a Big Data environment?,de,de0043
How does a snowflake schema improve data analysis?,de,de0043
What are the potential drawbacks of using a snowflake schema?,de,de0043
How is a snowflake schema different from a relational database schema?,de,de0043
Can you provide an example of a snowflake schema for a customer data model?,de,de0043
What are the key differences between a Star Schema and a Snowflake Schema in terms of data organization and query performance? ,de,de0044
How does the number of joins required to access data in a Snowflake Schema compare to a Star Schema? ,de,de0044
Can you elaborate on the concept of dimension tables in a Snowflake Schema and their role in data analysis? ,de,de0044
What are the specific advantages and disadvantages of using a Snowflake Schema over a Star Schema? ,de,de0044
How does the complexity of data modeling and maintenance differ between a Star Schema and a Snowflake Schema? ,de,de0044
What is the primary purpose of Hadoop Distributed File System (HDFS)?,de,de0045
How does HDFS ensure data transfer between nodes is as fast as possible?,de,de0045
What are some of the key features of HDFS?,de,de0045
What are the advantages of using HDFS for large-scale data processing and storage?,de,de0045
How does HDFS contribute to the overall functionality of a Hadoop system?,de,de0045
What is the full form of YARN?,de,de0046
How does YARN work?,de,de0046
What are the different components of YARN?,de,de0046
What are the advantages of using YARN?,de,de0046
What are some common use cases for YARN?,de,de0046
What are the different modes of operation in Hadoop?,de,de0047
How does the pseudo-distributed mode differ from the fully-distributed mode?,de,de0047
What are the advantages and disadvantages of each mode?,de,de0047
What are the specific requirements for each mode?,de,de0047
Can you provide an example of how each mode is used in a real-world scenario?,de,de0047
How does Apache Hadoop implement Kerberos for security? ,de,de0048
What are delegation tokens used for in Hadoop? ,de,de0048
Can I use HTTP authentication for Hadoop? ,de,de0048
What are the different security measures available in Hadoop? ,de,de0048
What are the best practices for securing Hadoop clusters? ,de,de0048
What is the purpose of a heartbeat in Hadoop? How does it work?,de,de0049
What are the consequences of a missing heartbeat in Hadoop? What happens to the Namenode and Datanode?,de,de0049
How is a heartbeat used to ensure data integrity in Hadoop?,de,de0049
What are the different types of heartbeats in Hadoop?,de,de0049
What are the best practices for monitoring heartbeat in Hadoop?,de,de0049
What are the key differences between NAS and DAS in the context of Hadoop?,de,de0050
How does DAS improve performance in a Hadoop cluster?,de,de0050
What are the advantages of DAS over NAS?,de,de0050
How does the separation of computing and storage layers in NAS affect Hadoop performance?,de,de0050
What are the typical hardware requirements for implementing DAS in a Hadoop cluster?,de,de0050
What programming languages are most commonly used by data engineers in the context of big data?,de,de0051
What specific data engineering tasks are typically performed using Scala?,de,de0051
What are some examples of data engineering projects that utilize Java?,de,de0051
How does the choice of programming language impact the performance of data pipelines?,de,de0051
What are the preferred tools and libraries for data engineering in the context of big data?,de,de0051
What is the team's current data infrastructure like? What tools are used for data processing and storage?,de,de0052
How does the company handle data security and privacy? What are the company's policies regarding data access and usage?,de,de0052
What are the company's expectations for data engineers in terms of technical skills and experience? What specific projects or initiatives are they currently working on?,de,de0052
"What is the company's approach to data governance and data quality? How does the company ensure that data is accurate, reliable, and consistent?",de,de0052
What are the opportunities for professional development and growth within the company? How does the company support its data engineers in their career progression?,de,de0052
What is the difference between FCFS and FIFO scheduling?,de,de0053
How does FIFO scheduling work in a Big Data environment?,de,de0053
What are the advantages and disadvantages of FIFO scheduling?,de,de0053
Can FIFO scheduling be used in a distributed system?,de,de0053
What are some real-world examples of FIFO scheduling in Big Data?,de,de0053
What is the default port number for the task tracker in Hadoop?,de,de0054
What is the default port number for the NameNode in Hadoop?,de,de0054
What is the default port number for the job tracker in Hadoop?,de,de0054
"What are the default port numbers for the task tracker, NameNode, and job tracker in Hadoop?",de,de0054
What is the default port number for the NameNode in Hadoop and how is it used?,de,de0054
How does Hadoop handle data distribution across multiple nodes?,de,de0055
What are the different types of Hadoop clusters?,de,de0055
What are the key performance metrics for Hadoop?,de,de0055
What are the common challenges faced when working with Hadoop?,de,de0055
What are the different types of Hadoop security measures?,de,de0055
What is the purpose of setting a replication factor in HDFS?,de,de0057
How does the replication factor affect the performance of HDFS?,de,de0057
What happens if the replication factor is set to 1?,de,de0057
What are the different types of replication factors used in HDFS?,de,de0057
How does the replication factor impact the availability of data in HDFS?,de,de0057
What information about the file system is stored in NameNode?,de,de0058
How is the metadata of the file system stored in NameNode?,de,de0058
What are the two files that store metadata in NameNode?,de,de0058
What is the purpose of NameNode?,de,de0058
What kind of data is stored in the 'Edit Log' file in NameNode?,de,de0058
What is the 'Namespace image' file in NameNode used for?,de,de0058
"What are the three phases of a Reducer in Hadoop, and what happens in each phase?",de,de0061
How does the shuffle phase of a Reducer work?,de,de0061
What is the purpose of the sort phase in a Reducer?,de,de0061
What is the relationship between the shuffle and sort phases of a Reducer?,de,de0061
How does the reduce phase of a Reducer work?,de,de0061
Why does Hadoop use Context objects to communicate with other parts of the Hadoop ecosystem?,de,de0062
How does the Context object facilitate communication between MapReduce tasks?,de,de0062
What are the key functionalities of the Context object in Hadoop?,de,de0062
What are some examples of how the Context object is used in real-world Hadoop applications?,de,de0062
How does the Context object contribute to the reporting of progress in MapReduce tasks?,de,de0062
What is the purpose of a Combiner in Hadoop? How does it reduce network congestion?,de,de0063
How does the Combiner work in relation to the Mapper and Reducer?,de,de0063
What are the benefits of using a Combiner in a MapReduce job?,de,de0063
Is there a specific use case for a Combiner? Can you provide an example?,de,de0063
What are the performance implications of using a Combiner in a MapReduce job?,de,de0063
What is the purpose of the replication factor in HDFS? What does a replication factor of 3 mean in this context?,de,de0064
How does the default replication factor of HDFS affect data availability and recovery?,de,de0064
What are the implications of changing the replication factor from the default value of 3?,de,de0064
What are the potential risks associated with using a replication factor of 3 in HDFS?,de,de0064
How does the replication factor impact the performance of HDFS operations like read and write operations?,de,de0064
What is the company's approach to data locality in Hadoop? How does it impact the performance of our data processing pipelines?,de,de0065
How does the company ensure data locality in Hadoop clusters? Are there any specific tools or technologies used?,de,de0065
What are the typical data sizes and types processed in the Hadoop environment? How does data locality impact these processes?,de,de0065
What are the company's strategies for managing data locality in a distributed environment with multiple nodes and data centers?,de,de0065
How does the company measure the effectiveness of data locality in Hadoop? What metrics are used to track and optimize data locality performance?,de,de0065
What is the purpose of the HDFS Balancer? ,de,de0066
How does the HDFS Balancer work? ,de,de0066
What are the benefits of using the HDFS Balancer? ,de,de0066
What are the limitations of the HDFS Balancer? ,de,de0066
How often does the HDFS Balancer run? ,de,de0066
What is the purpose of Safe Mode in HDFS? ,de,de0067
How does Safe Mode affect the NameNode's ability to perform operations? ,de,de0067
What triggers the NameNode to exit Safe Mode? ,de,de0067
What are the implications of being in Safe Mode for DataNodes? ,de,de0067
What are the potential risks associated with entering Safe Mode? ,de,de0067
What is the primary purpose of using a distributed cache in Apache Hadoop? How does it benefit the performance of a Hadoop job?,de,de0068
How does the distributed cache system work in Hadoop? What are the key components involved?,de,de0068
What are the advantages of using a distributed cache in Hadoop compared to traditional file systems?,de,de0068
What are some common use cases for the distributed cache in Hadoop? Can you provide examples?,de,de0068
How does the distributed cache impact the overall network traffic in a Hadoop cluster? How does it contribute to efficient resource utilization?,de,de0068
What is the role of Metastore in Hive? ,de,de0069
How does Metastore interact with HiveQL?,de,de0069
What are the different types of data stored in the Metastore?,de,de0069
What are the benefits of using a Metastore?,de,de0069
How is Metastore used for data governance and security?,de,de0069
What does SerDe mean in the context of Hive tables?,de,de0070
How does SerDe interact with DDL settings?,de,de0070
Can I customize the SerDe for my specific data needs?,de,de0070
What are the implications of using a different SerDe than the default one?,de,de0070
What are some common SerDe implementations used in Hive?,de,de0070
What are the different types of clusters or buckets available in Hive?,de,de0071
How are partitions used in Hive data models?,de,de0071
What is the purpose of a database in a Hive data model?,de,de0071
What are the key differences between Hive tables and databases?,de,de0071
How does Hive handle data redundancy and consistency across different clusters or buckets? ,de,de0071
What is the primary purpose of Hive in the Hadoop ecosystem?,de,de0072
How does Hive differ from other data warehousing solutions?,de,de0072
What types of data can Hive handle?,de,de0072
What are the key advantages of using Hive?,de,de0072
How does Hive contribute to data analysis in the Hadoop environment?,de,de0072
What are the specific use cases for using Hive's Array data type?,de,de0073
How does Hive handle the storage and retrieval of Map data?,de,de0073
Can Hive support nested structures like JSON data?,de,de0073
What are the advantages and disadvantages of using Hive's Struct data type compared to other data types?,de,de0073
How does Hive manage data redundancy and consistency when dealing with Union data types?,de,de0073
How is the .hiverc file used in Hive to configure parameters?,de,de0074
What are the different parameters that can be configured in the .hiverc file?,de,de0074
Can I modify the parameters in the .hiverc file after Hive has already been launched?,de,de0074
What are the benefits of using the .hiverc file for Hive configuration?,de,de0074
What are some common use cases for the .hiverc file in Hive?,de,de0074
What is the process for creating a Hive table from a CSV file?,de,de0075
How does Hive handle data partitioning?,de,de0075
Can multiple tables be created from a single data file?,de,de0075
What are the different types of Hive queries?,de,de0075
What are the best practices for optimizing Hive performance?,de,de0075
What are the different SerDe implementations available in Hive for data serialization and deserialization?,de,de0076
How does Hive handle data serialization and deserialization?,de,de0076
Can I create my own SerDe for my specific data types?,de,de0076
What are the benefits of using SerDe in Hive?,de,de0076
What are the limitations of using SerDe in Hive?,de,de0076
What Hive table-generating functions are available for handling arrays? ,de,de0077
Can you elaborate on the 'json_tuple' function and its usage?,de,de0077
How does the 'stack' function work?,de,de0077
What is the purpose of the 'explode' function?,de,de0077
What are the differences between the 'posexplode' and 'explode' functions?,de,de0077
What is the definition of a skewed table in Hive? How is it different from a normal table?,de,de0078
How does Hive handle skewed data? Does it have any specific tools or techniques?,de,de0078
What are the potential consequences of having a skewed table in a Hive environment?,de,de0078
What are some common causes of skewed tables in Hive? Can you provide examples?,de,de0078
How can I identify if a table is skewed in Hive? What are the best practices for detecting skewed data?,de,de0078
What types of objects can be created using the CREATE statement in MySQL?,de,de0079
Can you provide an example of a CREATE statement for creating a database?,de,de0079
What are the different types of indexes that can be created in MySQL?,de,de0079
How can I create a view in MySQL?,de,de0079
What are the functions and procedures that can be created in MySQL?,de,de0079
How can I access the database structure in MySQL using the DESCRIBE function?,de,de0080
What are the different ways to use the DESCRIBE function to view the database structure?,de,de0080
Can you provide an example of how to use the DESCRIBE function to view the structure of a specific table?,de,de0080
What are some alternative methods to view the database structure in MySQL?,de,de0080
What are the benefits of using the DESCRIBE function for database structure viewing?,de,de0080
How does the LOCATE() function work in MySQL?,de,de0081
What are the different parameters of the LOCATE() function?,de,de0081
Can I use LOCATE() to search for multiple strings in a single query?,de,de0081
What are the best practices for using LOCATE() in a production environment?,de,de0081
How does LOCATE() compare to other string searching functions in MySQL? ,de,de0081
How can data analytics and big data help a company increase its revenue by 5-20%?,de,de0082
What are some specific examples of how big data analytics can be used to understand competitors?,de,de0082
How does big data analytics help businesses develop new products based on consumer demands and preferences?,de,de0082
What are the potential benefits of using big data analytics for a company?,de,de0082
What are some of the key challenges associated with implementing big data analytics in a company?,de,de0082
What is the team structure like for data engineers at this company? How does the team collaborate with other departments?,de,de0083
What are the specific tools and technologies used for data engineering in this role?,de,de0083
How does the company handle data security and privacy? What are the specific measures in place?,de,de0083
What are the opportunities for professional development and growth within the company? How does the company support its employees' career development?,de,de0083
What is the company's approach to work-life balance? How does the company promote a healthy work environment?,de,de0083
What is the difference between a data engineer and a data scientist in terms of their day-to-day responsibilities?,de,de0085
How does the company's data infrastructure support the work of data engineers and data scientists?,de,de0085
What are the specific tools and technologies used by data engineers?,de,de0085
What are the key skills and qualifications required for a data engineer position?,de,de0085
What are the opportunities for professional development and growth within the company for data engineers?,de,de0085
What is the purpose of a data pipeline?,de,de0086
How does a data pipeline differ from a data warehouse?,de,de0086
What are some common data sources used in data pipelines?,de,de0086
What are some common data processing steps involved in a data pipeline?,de,de0086
How does a data pipeline contribute to data quality?,de,de0086
"What are some of the most common challenges in data engineering, specifically related to database systems and SQL? ",de,de0087
How does the company handle data quality and consistency issues?,de,de0087
What are some strategies for scaling data processing systems to accommodate growing data needs?,de,de0087
What are the specific security and privacy measures in place to protect sensitive data?,de,de0087
How does the company address the integration of diverse data sources and formats?,de,de0087
What is the typical workflow for data ingestion and processing in a cloud environment?,de,de0088
How does the company handle data security and privacy?,de,de0088
What are the different types of data warehouses and which one would be best suited for our company?,de,de0088
What are the key skills and experience required for this role?,de,de0088
What are the company's expectations for continuous learning and professional development in the field of data engineering?,de,de0088
"What is the process of breaking down larger tables into smaller, more focused tables in database design?",de,de0090
How does normalization improve data integrity?,de,de0090
What are the different types of normal forms?,de,de0090
What are some common examples of normalization in real-world applications?,de,de0090
How does normalization help reduce redundancy in a database?,de,de0090
What is the purpose of database indexing? How does it improve data retrieval speed?,de,de0091
How does database indexing work? Can you provide an example?,de,de0091
What are the different types of database indexes? What are their pros and cons?,de,de0091
What are the limitations of database indexing? What are some scenarios where it might not be beneficial?,de,de0091
How does database indexing impact the performance of queries? Can you give an example of a query that would benefit from indexing?,de,de0091
What is the typical use case for a stored procedure in a database system?,de,de0092
How does a stored procedure differ from a regular SQL query?,de,de0092
What are some benefits of using stored procedures in a data engineering workflow?,de,de0092
What are some common challenges or limitations associated with stored procedures?,de,de0092
How does the performance of a stored procedure compare to a regular SQL query?,de,de0092
What is the role of Hadoop in a data engineering workflow?,de,de0093
How does Hadoop differ from other data processing frameworks?,de,de0093
What are the key advantages of using Hadoop for large datasets?,de,de0093
What are some common use cases for Hadoop?,de,de0093
What are the specific skills and experience required to be successful in a Hadoop-based data engineering role?,de,de0093
What is the primary purpose of MapReduce? How does it achieve this purpose?,de,de0094
How does MapReduce handle data that is not evenly distributed?,de,de0094
What are the advantages and disadvantages of using MapReduce?,de,de0094
Can you provide an example of a real-world application of MapReduce?,de,de0094
What are the key differences between MapReduce and other distributed computing models like Spark?,de,de0094
What is the team's current data processing pipeline and how does it utilize Apache Spark?,de,de0095
How does the team use Apache Spark for machine learning tasks?,de,de0095
What are the team's preferred tools and technologies for data engineering?,de,de0095
What are the team's expectations for a data engineer's experience with Apache Spark?,de,de0095
What are the team's plans for future data engineering projects that involve Apache Spark?,de,de0095
How does Spark's in-memory processing compare to Hadoop MapReduce's approach? ,de,de0096
What are the specific advantages of Spark's user-friendly APIs in terms of development and deployment?,de,de0096
How does Spark's versatility extend beyond batch processing?,de,de0096
How does Spark's iterative processing model benefit machine learning tasks?,de,de0096
What are the key differences in the development and deployment of Spark compared to Hadoop MapReduce?,de,de0096
What is the role of Apache Kafka in the data pipeline? How does it contribute to the overall data processing workflow?,de,de0097
How does Apache Kafka handle data redundancy and ensure data consistency?,de,de0097
What are the different types of Kafka consumers and how are they used in the data pipeline?,de,de0097
"What are the key performance metrics for Apache Kafka, and how are they monitored?",de,de0097
"What are the typical data formats used in Kafka, and how are they processed by the data pipeline?",de,de0097
What is the purpose of a data warehouse? How does it differ from a data lake?,de,de0098
How is data ingested into a data warehouse?,de,de0098
What are the key considerations when designing a data warehouse?,de,de0098
What are some common data warehouse tools and technologies?,de,de0098
What are the challenges of working with a data warehouse?,de,de0098
What is the typical data source for an ETL process?,de,de0099
How does the ETL process ensure data quality?,de,de0099
What are the different types of data transformations?,de,de0099
What are the tools used for ETL development?,de,de0099
What are the key performance indicators (KPIs) for an ETL process? ,de,de0099
What is the difference between a data lake and a data warehouse in terms of data structure and purpose? ,de,de0100
How does the schema differ between a data warehouse and a data lake? ,de,de0100
What are the typical users of a data warehouse and a data lake? ,de,de0100
What is the primary use case for a data lake? ,de,de0100
What are the key differences between a data warehouse and a data lake in terms of their data storage and schema? ,de,de0100
What is the difference between SCD Type 1 and SCD Type 2? ,de,de0101
How does SCD implementation impact data quality in a data warehouse?,de,de0101
Can you provide an example of how SCD is used in a real-world scenario?,de,de0101
What are the challenges associated with implementing SCD?,de,de0101
What are the best practices for designing and implementing an SCD in a data warehouse?,de,de0101
What is the difference between a data warehouse and a data mart?,de,de0102
How is a data mart used in a cloud environment?,de,de0102
What are the benefits of using a data mart?,de,de0102
How does a data mart differ from a data lake?,de,de0102
What are some examples of data marts used in different industries?,de,de0102
"What are the key advantages of cloud computing for data engineers, specifically in terms of scalability and cost-effectiveness? ",de,de0103
How does the cloud computing platform ensure reliability and disaster recovery for data engineering projects? ,de,de0103
What are the different types of cloud services and tools available for data engineers to leverage? ,de,de0103
How does the company's cloud strategy align with the company's overall business goals? ,de,de0103
What are the specific security measures implemented to protect data in the cloud environment? ,de,de0103
What is the role of Amazon S3 in a data engineering workflow?,de,de0104
How does Amazon S3 differ from other storage options like databases?,de,de0104
What are some common use cases for Amazon S3 in data engineering?,de,de0104
What are the security and compliance features of Amazon S3?,de,de0104
How does Amazon S3 integrate with other AWS services for data engineering tasks?,de,de0104
What is the role of Azure Synapse Analytics in a data engineering workflow?,de,de0105
How does a data lake differ from a data warehouse?,de,de0105
What are the key benefits of using a cloud-based data lake?,de,de0105
What are some common use cases for Azure Synapse Analytics?,de,de0105
How does Azure Synapse Analytics handle data security and compliance?,de,de0105
"What are some popular programming languages used in data engineering, and how are they used in the context of cloud computing for data engineering?",de,de0106
"How are the different programming languages used in data engineering, and what are the pros and cons of each?",de,de0106
What specific cloud platforms are supported by the data engineering team?,de,de0106
What are the preferred tools and frameworks for data engineering in the context of cloud computing?,de,de0106
"What are the common data engineering challenges faced by the team, and how are they addressed?",de,de0106
Why is Python popular in data engineering? What are the key benefits of using Python in this field?,de,de0107
How does Python's ecosystem of libraries and frameworks support data engineering tasks?,de,de0107
What are some examples of big data technologies that Python supports?,de,de0107
How does Python integrate with different data sources and APIs?,de,de0107
What is the role of the Python community in data engineering and how can I access their support and documentation?,de,de0107
What is PySpark and how does it work with Apache Spark?,de,de0108
What are the advantages of using PySpark for data engineering tasks?,de,de0108
Can you provide an example of a PySpark application?,de,de0108
What are some common challenges faced when working with PySpark?,de,de0108
How does PySpark integrate with other cloud services like AWS or Azure?,de,de0108
What are the specific advantages of using Scala for data engineering compared to other languages like Python or Java?,de,de0109
How does the strong static typing in Scala impact the development process for data engineers?,de,de0109
Can you elaborate on the performance benefits of Scala for large-scale data processing in Apache Spark?,de,de0109
What are some common challenges faced by data engineers when working with Scala?,de,de0109
How does the use of Scala in Apache Spark contribute to the overall efficiency of data processing pipelines?,de,de0109
How does the team approach data modeling and design for large-scale data pipelines?,de,de0110
What are the preferred tools and technologies for data engineering at the company?,de,de0110
What are the specific requirements for data quality and validation in this role?,de,de0110
What is the team's experience with cloud platforms like AWS or Azure?,de,de0110
How does the company support the professional development of its data engineers?,de,de0110
What is the role of data modeling in the overall data architecture of a company?,de,de0111
How does data modeling contribute to data quality?,de,de0111
What are some common data modeling techniques?,de,de0111
What tools are used for data modeling?,de,de0111
What are the key skills and experience required for a data engineer with a strong understanding of data modeling?,de,de0111
What are the key differences between a conceptual data model and a physical data model?,de,de0112
How is a logical data model used in the development process?,de,de0112
What are some examples of data models used in different industries?,de,de0112
What are the best practices for creating a conceptual data model?,de,de0112
What are the potential challenges in implementing a physical data model in a real-world setting?,de,de0112
What is the purpose of a star schema in a data warehouse?,de,de0113
How does a star schema differ from a snowflake schema?,de,de0113
Can you provide an example of a star schema?,de,de0113
What are the advantages and disadvantages of using a star schema?,de,de0113
What are some common challenges in implementing a star schema?,de,de0113
What is the purpose of using a snowflake schema in a data warehouse?,de,de0114
How does the snowflake schema differ from a traditional star schema?,de,de0114
Can you provide an example of a snowflake schema for a customer data warehouse?,de,de0114
What are the advantages and disadvantages of using a snowflake schema?,de,de0114
How does the snowflake schema help in data analysis and reporting?,de,de0114
"What are the potential downsides of denormalizing a database, specifically in terms of data consistency and maintenance?",de,de0115
"How does denormalization impact query performance, and what are some examples of queries that would benefit from denormalization?",de,de0115
Can you elaborate on the trade-offs between denormalization and normalization in terms of data storage and query efficiency?,de,de0115
What are some real-world examples of companies that have successfully implemented denormalization in their data infrastructure?,de,de0115
How does denormalization affect the overall data integrity and security of a system?,de,de0115
What is the difference between batch processing and real-time processing? ,de,de0116
How does batch processing fit into the data pipeline?,de,de0116
What are some common tools used for batch processing?,de,de0116
What are the advantages and disadvantages of batch processing?,de,de0116
Can you give me an example of a real-world scenario where batch processing is used?,de,de0116
What is the company's current data processing infrastructure? Is there a focus on real-time data processing?,de,de0117
How does the team utilize stream processing for decision-making?,de,de0117
What are the specific challenges and opportunities related to stream processing in this role?,de,de0117
What tools and technologies are used for stream processing in the team?,de,de0117
What are the team's expectations for the candidate's experience with stream processing?,de,de0117
What is the role of the Lambda architecture in the company's data processing strategy?,de,de0118
How does the Lambda architecture handle real-time data processing?,de,de0118
What are the key components of the Lambda architecture?,de,de0118
What are the benefits of using the Lambda architecture?,de,de0118
How does the Lambda architecture differ from traditional batch processing methods?,de,de0118
What is Apache Flink used for?,de,de0119
How does Apache Flink handle data that arrives out of order?,de,de0119
What are the key features of Apache Flink?,de,de0119
How does Apache Flink ensure data accuracy?,de,de0119
What are some real-world examples of Apache Flink in action?,de,de0119
What are the different types of data partitioning strategies used in a data warehouse environment?,de,de0120
How does data partitioning impact query performance?,de,de0120
Can you elaborate on the use of hash partitioning in a data warehouse?,de,de0120
What are the potential drawbacks of data partitioning?,de,de0120
How does data partitioning contribute to data security and governance?,de,de0120
What is the company's data governance framework? How is it implemented?,de,de0121
What are the key data governance policies and standards that are in place?,de,de0121
How does the company ensure data quality and address data inconsistencies?,de,de0121
What are the security measures in place to protect sensitive data?,de,de0121
What are the reporting and monitoring mechanisms for data governance compliance?,de,de0121
What are the specific data security measures that the company implements to ensure compliance with GDPR?,de,de0123
"How does the company handle data subject requests, such as the right to access, rectification, and erasure?",de,de0123
What are the processes in place for data breach notification and incident response?,de,de0123
What are the company's policies regarding data storage and retention?,de,de0123
"How does the company ensure data privacy and security across different geographical locations, considering international data transfers?",de,de0123
What is the purpose of data masking in the context of software testing?,de,de0124
How does data masking differ from data anonymization?,de,de0124
What are some common data masking techniques?,de,de0124
What are the security implications of data masking?,de,de0124
How is data masking implemented in a real-world scenario?,de,de0124
"What is the company's approach to data security and compliance, particularly in relation to data storage and access control?",de,de0125
How does the team handle data pipelines and data quality issues?,de,de0125
What are the preferred tools and technologies for data engineering?,de,de0125
How does the team collaborate and communicate with other departments?,de,de0125
What are the opportunities for professional development and growth within the company?,de,de0125
How do you ensure that the data pipeline is robust and resilient to failures? What are the strategies you employ to maintain data quality and integrity throughout the data pipeline?,de,de0126
What are the best practices for collaborating with data scientists and analysts to ensure seamless data integration and understanding of their requirements?,de,de0126
How do you stay updated on the latest trends and technologies in the field of data engineering? What resources do you utilize to keep your knowledge current?,de,de0126
What is the company's approach to data security and privacy? How do you ensure that data is handled responsibly and ethically?,de,de0126
How does the company foster a culture of continuous learning and development for data engineers? What opportunities are available for professional growth and skill enhancement?,de,de0126
How do you ensure data quality in your projects? What specific tools or techniques do you use to achieve this? ,de,de0127
Can you elaborate on the data quality metrics you use to track progress? ,de,de0127
What is the process for addressing data quality issues that arise during a project? ,de,de0127
How is data governance implemented in your projects? ,de,de0127
What are the most important soft skills for a data engineer in your organization? ,de,de0127
How do you ensure that data is accurate and reliable in a team environment?,de,de0128
What are the company's preferred methods for resolving conflicts?,de,de0128
How does the company promote collaboration and knowledge sharing among team members?,de,de0128
What are the company's expectations for data quality and how are they measured?,de,de0128
What are the company's policies regarding data security and privacy?,de,de0128
How do you ensure that data pipelines are resilient to failures and can recover quickly in case of outages?,de,de0129
What are the preferred tools and technologies for data warehousing and ETL processes?,de,de0129
How do you handle data quality issues and ensure data integrity in a large-scale data environment?,de,de0129
What is the company's approach to data governance and compliance?,de,de0129
How do you stay updated with the latest advancements in data engineering technologies and best practices?,de,de0129
"How do you ensure that the data pipeline is robust and reliable, especially in the face of potential data errors or inconsistencies?",de,de0130
What are the preferred tools and technologies for data warehousing and ETL processes?,de,de0130
"How does the team approach data security and privacy, especially when dealing with sensitive data?",de,de0130
What are the key performance indicators (KPIs) used to measure the success of the data engineering team?,de,de0130
What are the opportunities for professional development and growth within the company for data engineers?,de,de0130
How would you design a system to handle high volumes of real-time streaming data while maintaining low latency and high throughput?,de,de0131
What are the key considerations when choosing a distributed streaming platform for real-time data processing?,de,de0131
How would you ensure fault tolerance and scalability in a real-time streaming system?,de,de0131
What are the best practices for implementing error handling and data validation in a real-time streaming environment?,de,de0131
What are the different data storage options available for both raw and processed data in a real-time streaming system?,de,de0131
What strategies do you use to optimize query performance in large datasets? How do you ensure that these strategies are applied consistently across different teams and projects?,de,de0132
How do you approach the selection of the best indexing strategy for a given table?,de,de0132
What are some examples of materialized views and how are they used to improve query performance?,de,de0132
How do you leverage distributed computing for large-scale data processing? What are the challenges and considerations involved?,de,de0132
What are the different types of caching mechanisms and how do they impact query performance?,de,de0132
"How do you prioritize different types of data pipeline testing, considering factors like performance, reliability, and security? ",de,de0133
What specific tools and techniques are used for unit testing data pipelines? ,de,de0133
Can you elaborate on the process of integration testing for data pipelines? ,de,de0133
How do you ensure data integrity and consistency throughout the pipeline? ,de,de0133
What are the best practices for performing regression testing after code changes? ,de,de0133
"What are your experiences with implementing data versioning systems, particularly in the context of data warehouses? ",de,de0134
How do you ensure data integrity and consistency when implementing data versioning?,de,de0134
Can you elaborate on the specific tools and technologies you've used for data versioning?,de,de0134
What are your preferred methods for managing and tracking data versioning metadata?,de,de0134
How do you approach data versioning in a distributed data environment like a cloud-based data lake?,de,de0134
"How do you approach data skew in a distributed processing system, particularly when dealing with large datasets?",de,de0135
What specific techniques are used to distribute data more evenly in a distributed system?,de,de0135
What strategies are employed to mitigate the impact of data skew on query performance?,de,de0135
How does the company handle data skew in its existing data processing pipelines?,de,de0135
What are some examples of alternative data models or schema designs that can be used to address data skew issues?,de,de0135
"What are the specific challenges you face in maintaining data lineage for a large, complex data ecosystem?",de,de0136
How does the company ensure data quality and accuracy throughout the data lineage process?,de,de0136
What are the tools and technologies used for data lineage tracking and analysis?,de,de0136
How does the company address data lineage issues and potential conflicts?,de,de0136
What are the company's policies and procedures for data governance and compliance related to data lineage?,de,de0136
How do you ensure that the data infrastructure can handle peak loads and seasonal fluctuations?,de,de0137
What are the key factors you consider when choosing between vertical and horizontal scaling?,de,de0137
How do you balance cost and performance when planning for data infrastructure?,de,de0137
What strategies do you employ to ensure data redundancy and fault tolerance in the data infrastructure?,de,de0137
How do you approach capacity planning for data infrastructure in a cloud environment?,de,de0137
What is your experience with using data catalogs and metadata management tools like Collibra or Alation? ,de,de0138
How do you ensure the accuracy and consistency of metadata in a large and complex data environment? ,de,de0138
What are your experiences with integrating metadata across different data systems and tools? ,de,de0138
How do you support data governance and compliance initiatives through metadata management? ,de,de0138
What are your thoughts on the role of data discovery and search in enhancing data accessibility and usability for business users?,de,de0138
How do you ensure that data pipelines remain stable and reliable even when schema changes occur?,de,de0139
What specific strategies are used to handle schema changes in a way that minimizes downtime and data loss?,de,de0139
How is schema evolution managed in a distributed environment?,de,de0139
What tools or technologies are used for centralized schema management?,de,de0139
What are the best practices for testing schema changes before deployment?,de,de0139
How do you ensure data consistency in distributed systems using strong consistency models? What are some examples of these models?,de,de0141
What are the trade-offs between strong consistency and eventual consistency? How do you choose the right approach for a specific scenario?,de,de0141
Can you elaborate on the use of distributed transactions? What are some common use cases for them?,de,de0141
How do you handle conflicts in multi-master systems? What are some techniques for conflict resolution?,de,de0141
What are some examples of idempotent operations and how do they contribute to data consistency in distributed systems?,de,de0141
What are your experiences with designing data models for document-based NoSQL databases? ,de,de0142
How do you approach schema flexibility and evolution in NoSQL data models? ,de,de0142
Can you elaborate on your experience with indexing strategies for NoSQL databases? ,de,de0142
What are your thoughts on denormalization and data duplication in NoSQL data models? ,de,de0142
How do you ensure scalability and partitioning in NoSQL data models? ,de,de0142
"How do you ensure data quality throughout the entire ETL process, from source to target? ",de,de0143
What specific data profiling techniques are used to identify data quality issues? ,de,de0143
What are some examples of data cleansing and standardization processes? ,de,de0143
How is data quality tracked and measured? ,de,de0143
"What are the most common data quality issues encountered in ETL processes, and how are they addressed? ",de,de0143
How do you prioritize technical debt when multiple updates are needed?,de,de0144
What specific tools or technologies do you use for code reviews and refactoring?,de,de0144
How often are code reviews and refactoring sessions conducted?,de,de0144
What is the process for implementing CI/CD practices in a data engineering project?,de,de0144
How do you ensure that documentation is comprehensive and up-to-date in a fast-paced environment?,de,de0144
How do you ensure data privacy and compliance in your data pipelines? ,de,de0145
What specific measures are taken to protect sensitive data during development and deployment?,de,de0145
How is data privacy and compliance integrated into the development process?,de,de0145
What are the company's policies regarding data retention and deletion?,de,de0145
How are data privacy and compliance issues addressed during incident response?,de,de0145
How do you ensure data privacy and compliance in your data pipelines? ,de,de0003
What specific measures are taken to protect sensitive data during development and deployment?,de,de0003
How is data privacy and compliance integrated into the development process?,de,de0003
What are the company's policies regarding data retention and deletion?,de,de0003
How are data privacy and compliance issues addressed during incident response?,de,de0003
How do you ensure data privacy and compliance in your data pipelines? ,de,de0004
What specific measures are taken to protect sensitive data during development and deployment?,de,de0004
How is data privacy and compliance integrated into the development process?,de,de0004
What are the company's policies regarding data retention and deletion?,de,de0004
How are data privacy and compliance issues addressed during incident response?,de,de0004
How do you ensure data privacy and compliance in your data pipelines? ,de,de0022
What specific measures are taken to protect sensitive data during development and deployment?,de,de0022
How is data privacy and compliance integrated into the development process?,de,de0022
What are the company's policies regarding data retention and deletion?,de,de0022
How are data privacy and compliance issues addressed during incident response?,de,de0022
How do you ensure data privacy and compliance in your data pipelines? ,de,de0025
What specific measures are taken to protect sensitive data during development and deployment?,de,de0025
How is data privacy and compliance integrated into the development process?,de,de0025
What are the company's policies regarding data retention and deletion?,de,de0025
How are data privacy and compliance issues addressed during incident response?,de,de0025
How do you ensure data privacy and compliance in your data pipelines? ,de,de0056
What specific measures are taken to protect sensitive data during development and deployment?,de,de0056
How is data privacy and compliance integrated into the development process?,de,de0056
What are the company's policies regarding data retention and deletion?,de,de0056
How are data privacy and compliance issues addressed during incident response?,de,de0056
How do you ensure data privacy and compliance in your data pipelines? ,de,de0059
What specific measures are taken to protect sensitive data during development and deployment?,de,de0059
How is data privacy and compliance integrated into the development process?,de,de0059
What are the company's policies regarding data retention and deletion?,de,de0059
How are data privacy and compliance issues addressed during incident response?,de,de0059
How do you ensure data privacy and compliance in your data pipelines? ,de,de0060
What specific measures are taken to protect sensitive data during development and deployment?,de,de0060
How is data privacy and compliance integrated into the development process?,de,de0060
What are the company's policies regarding data retention and deletion?,de,de0060
How are data privacy and compliance issues addressed during incident response?,de,de0060
How do you ensure data privacy and compliance in your data pipelines? ,de,de0084
What specific measures are taken to protect sensitive data during development and deployment?,de,de0084
How is data privacy and compliance integrated into the development process?,de,de0084
What are the company's policies regarding data retention and deletion?,de,de0084
How are data privacy and compliance issues addressed during incident response?,de,de0084
How do you ensure data privacy and compliance in your data pipelines? ,de,de0089
What specific measures are taken to protect sensitive data during development and deployment?,de,de0089
How is data privacy and compliance integrated into the development process?,de,de0089
What are the company's policies regarding data retention and deletion?,de,de0089
How are data privacy and compliance issues addressed during incident response?,de,de0089
How do you ensure data privacy and compliance in your data pipelines? ,de,de0122
What specific measures are taken to protect sensitive data during development and deployment?,de,de0122
How is data privacy and compliance integrated into the development process?,de,de0122
What are the company's policies regarding data retention and deletion?,de,de0122
How are data privacy and compliance issues addressed during incident response?,de,de0122
How do you ensure data privacy and compliance in your data pipelines? ,de,de0140
What specific measures are taken to protect sensitive data during development and deployment?,de,de0140
How is data privacy and compliance integrated into the development process?,de,de0140
What are the company's policies regarding data retention and deletion?,de,de0140
How are data privacy and compliance issues addressed during incident response?,de,de0140
